;;;;;;
;;;sexe;ƒge min.;ƒge moy.;ƒge max. 
Nø ordre;Pr‚nom;UID10;M / F / ?;1er d‚cile (10%);m‚diane (50%);10Š d‚cile (90%)
1;Medhi;31482440SE;;;;
2;LESLIE;160D6D7ESE;;;;
3;Charlene;764E0D06SE;;;;
4;Nicolas;2B270D1CV1;;;;
5;Arthur;434E3D1BES;;;;
6;Estelle;24191629SE;;;;
7;Clemence;422F1302SE;;;;
8;Julie;29492F50SE;;;;
9;Zohra;1679701FV2;;;;
10;ANNE;1B65611ESE;;;;
11;David;2E492044SE;;;;
12;Celine;4D45290ASE;;;;
13;Corinne;5A2F1B1AV2;;;;
14;AMANDINE;601E0913SE;;;;
15;Elise;3B532049SE;;;;
16;Virginie;146C4E0FV1;;;;
17;Camille;3C1A1E29V1;;;;
18;Andrea;5D310D48SE;;;;
19;Virginie;130D6C5BV1;;;;
20;Elodie;291E494BSE;;;;
21;Florence;160C634ESE;;;;
22;Gilles;0E584F36SE;;;;
23;ARNAUD;056A6204V1;;;;
24;Sylvain;0D26310CSE;;;;
25;Beatrice;1A64571FSE;;;;
26;Carole;4F5B3814SE;;;;
27;Christelle;0F701E2BV1;;;;
28;FABIENNE;0F176874V1;;;;
29;Fabienne;301B136ASE;;;;
30;Manon;30543D5CSE;;;;
31;MARION;00766518SE;;;;
32;Arnaud;4134164BV1;;;;
33;Gwenola;2702032CV1;;;;
34;Elodie;585F3701SE;;;;
35;Melanie;0B1A2028SE;;;;
36;Simon;4C395355SE;;;;
37;Caroline;684B0618SE;;;;
38;Julien;000D7B05V1;;;;
39;Maelle;0955422CSE;;;;
40;CLARISSE;011B1275V1;;;;
41;Sebastien;2B150B66SE;;;;
42;CATHERINE;1E087401V2;;;;
43;Raoul;4938462EV2;;;;
44;Anais;2D49324BSE;;;;
45;Anthony;032C3E08SE;;;;
46;Armelle;04213D10V1;;;;
47;Emilie;404F3F15SE;;;;
48;Rozenn;53462F1CV2;;;;
49;Angelique;11711A70SE;;;;
50;VALERIE;0E01141BV1;;;;
51;Marion;422F1753SE;;;;
52;Thomas;2A402D15SE;;;;
53;Gregoire;2B131076CA;;;;
54;Livio;4B215C23SE;;;;
55;Anaelle;0800352CSE;;;;
56;Camille;4A270A09SE;;;;
57;Cecilia;2C040428SE;;;;
58;Guillaume;413F0816V1;;;;
59;Nelly;224C3740V1;;;;
60;Jeremie;1B213F04SE;;;;
61;Stephane;2D5A2F09V1;;;;
62;Maud;40642E36V1;;;;
63;Christophe;34432408SE;;;;
64;SEVERINE;0D061F67V1;;;;
65;Chrystele;77107510V1;;;;
66;Alexis;2B175556SE;;;;
67;Jean;20224E6FV1;;;;
68;PHILIPPINE;1508691BSE;;;;
69;Nathalie;391C1862SE;;;;
70;JULIEN;05610E05SE;;;;
71;Aymeris;3806042FSE;;;;
72;Myriam;5D4E270ESE;;;;
73;Thierry;1A252A0BV1;;;;
74;Maryline;0F0B6E43V1;;;;
75;Catherine;4B360D01V2;;;;
76;Sophie;4B3B1958V1;;;;
77;SOPHIE;0D6A7811SE;;;;
78;Alexandre;3B583E19CA;;;;
79;Maud;2B447638SE;;;;
80;Philippe;374C2703V1;;;;
81;Romane;33412211ES;;;;
82;Veronique;2C4F2617V2;;;;
83;Sylvain;46360C12V1;;;;
84;VALERIE;75001419V1;;;;
85;Pierre;2F075753V1;;;;
86;Catherine;25040A68V2;;;;
87;Daniel;221A5C45V2;;;;
88;Nic;0F3B2705SE;;;;
89;Stephane;5D371511V1;;;;
90;Adeline;06202B11SE;;;;
91;Julia;3C553E41SE;;;;
92;Marie;20492844SE;;;;
93;Solenn;0C4E403ACA;;;;
94;Tristan;1E00312CV1;;;;
95;Juliette;0A026245CA;;;;
96;Jacqueline;7A182E7EV2;;;;
97;MARINA;69030077SE;;;;
98;Maude;553E4920SE;;;;
99;Chloe;294B2651SE;;;;
100;MATHIEU;02010E03SE;;;;
101;Virginie;3902146CSE;;;;
102;Guillaume;63027810SE;;;;
103;Solenn;2B044852SE;;;;
104;Yvonnick;18146A4BV2;;;;
105;Gyorgyi;270D0623V1;;;;
106;Joel;6820294DV2;;;;
107;Kevin;38492540SE;;;;
108;CELINE;6564060DSE;;;;
109;Christelle;1B6A1830V1;;;;
110;Nestor;075D512FCA;;;;
111;Caroline;0F242748V2;;;;
112;ELODIE;06137075SE;;;;
113;Philippe;1518604FV2;;;;
114;Chrystelle;17167C0AV1;;;;
115;CELINE;0E027E65V1;;;;
116;JEROME;04026063V1;;;;
117;Olivier;021A3D2AV1;;;;
118;Kevin;26482342SE;;;;
119;Xavier;5D442004SE;;;;
120;Julie;255A2F45SE;;;;
121;Celine;4E443600SE;;;;
122;Emmanuelle;51210D09V1;;;;
123;Graziella;241D0A75V1;;;;
124;Laurent;23050634V1;;;;
125;Mathilde;2E07176ESE;;;;
126;FRANCK;0F13656FV1;;;;
127;ZIA;120C1505CA;;;;
128;Marc;6B3E2C52V1;;;;
129;DAVID;0B6E1362SE;;;;
130;Vanessa;260F1E27SE;;;;
131;Melanie;462D0B0ASE;;;;
132;HERVE;1875197BV1;;;;
133;Samuel;350B4E5BSE;;;;
134;Virginie;1C6D4F09SE;;;;
135;Elisabeth;050D7200V1;;;;
136;Jean-Charles;2D087A59SE;;;;
137;KAELIG;6A0C0676SE;;;;
138;FABIEN;05097C79V3;;;;
139;Laetitia;23131767V1;;;;
140;Caroline;24453B13SE;;;;
141;NICOLAS;1E65160FV1;;;;
142;Alan;3F48763DV1;;;;
143;Celine;324F3F13SE;;;;
144;Amelie;0F5B5B31SE;;;;
145;Anne Solenn;663A0C63SE;;;;
146;Antony;5F5F3813V1;;;;
147;Isabelle;2B020660V1;;;;
148;Guillaume;472F1404SE;;;;
149;Corentin;2E1B1A66SE;;;;
150;Anne-Sophie;77561130SE;;;;
151;Denis;4C3A523FSE;;;;
152;Guenaelle;1C1F6B02V1;;;;
153;MARINA;0C616210SE;;;;
154;SONIA;661A721ASE;;;;
155;Coralie;42280300SE;;;;
156;Maxence;4624070ASE;;;;
157;Celine;0C5F423ASE;;;;
158;David;4835522CV1;;;;
159;Ewen;39364E60CA;;;;
160;Seranne;452E1715SE;;;;
161;Emeline;163B271ESE;;;;
162;Dominique;26111072V2;;;;
163;Ronan;502F5726SE;;;;
164;Zenaide;101C2B22SE;;;;
165;SANDIE;1D17706CV1;;;;
166;Anne-Sophie;06675118SE;;;;
167;Manon;24572C53CA;;;;
168;Alain;4E254E34V1;;;;
169;Christian;1D7D1F6BV3;;;;
170;Sabrina;05223908SE;;;;
171;Maude;533E4F5FSE;;;;
172;Laurence;1A0C1F37V1;;;;
173;Patrick;433C0F0DV1;;;;
174;SOPHIE;7A6A190DV1;;;;
175;Anne;34417139V1;;;;
176;Marina;2C045D4BSE;;;;
177;Stephanie;03187111V1;;;;
178;Magali;04564B32V1;;;;
179;Stephanie;13097512SE;;;;
180;Janick;4D4B240BV1;;;;
181;Geraldine;4A2B1F10SE;;;;
182;Arnaud;14444F25SE;;;;
183;Chloe;3F4F264DSE;;;;
184;Isabelle;1D664409V2;;;;
185;KARENE;15726805SE;;;;
186;Virgile;2A010D27V1;;;;
187;Laura;50224458SE;;;;
188;Marie;4B27445FSE;;;;
189;Nathalie;422B160BV1;;;;
190;Loise;384E2B47SE;;;;
191;Tifenn;5347341DSE;;;;
192;DAVID;04691963V1;;;;
193;Philippe;3B4C201FSE;;;;
194;EMILIE;02637D09SE;;;;
195;ISABELLE;13197560V1;;;;
196;Gwenole;1E073924V1;;;;
197;Vincent;17272209SE;;;;
198;Firmin;514F3C07SE;;;;
199;Claire;0F5F5822V2;;;;
200;Olivia;01434735SE;;;;
201;Karine;025A5930V1;;;;
202;Simon;4A235D3ASE;;;;
203;Charlotte;3E0F0572SE;;;;
204;Marion;194E5022SE;;;;
205;Marie-Cecile;72031817SE;;;;
206;Didier;23175D5EV3;;;;
207;Katell;01415531V1;;;;
208;Vincent;2527503FV1;;;;
209;Chloe;052F2443ES;;;;
210;Didier;022E2C45V1;;;;
211;Quentin;17322D42CA;;;;
212;MARIE;7E126013ES;;;;
213;Pascal;0B524129V2;;;;
214;NINON;660B6611JU;;;;
215;Nathalie;280C127FV1;;;;
216;Laurence;26020465V1;;;;
217;Francois;1C3A3C48SE;;;;
218;Hugues;3C015744V1;;;;
219;Caroline;39051178SE;;;;
220;Elodie;3A044755SE;;;;
221;Nadine;36094C58V3;;;;
222;Nicolas;34051D38SE;;;;
223;Stephanie;2D18066BSE;;;;
224;Laure-Anne;0F1F1C75SE;;;;
225;Maud;0625215ESE;;;;
226;GAELLE;0A65181EV1;;;;
227;Damien;26025D5FSE;;;;
228;DAVID;15691874SE;;;;
229;Frederic;360D0172V1;;;;
230;Karine;22482103V1;;;;
231;Benoit;3E104459V1;;;;
232;Yann;28204E7CV2;;;;
233;Nadege;0E47432CSE;;;;
234;STEPHANE;1F0D7073V1;;;;
235;Fabrice;0E1B3222SE;;;;
236;Arnaud;5D4A391DSE;;;;
237;FABRICE;0403121EV1;;;;
238;Jean-paul;13047E59V2;;;;
239;Yoann;463E4320SE;;;;
240;Lena;2B2B4169SE;;;;
241;Chrystelle;543D1811V2;;;;
242;Benoit;3E4B2702SE;;;;
243;Emma;71232C52CA;;;;
244;MARION;780F1F79SE;;;;
245;Caroline;5E2E0818SE;;;;
246;Kristel;390D1E34SE;;;;
247;STEPHANIE;0D181068V1;;;;
248;Laura;3E45374FSE;;;;
249;Nathalie;3E000564V1;;;;
250;CYRIL;6F117402CA;;;;
251;ISABELLE;6412171EV2;;;;
252;Justine;2519073CSE;;;;
253;Annie;0C001901V2;;;;
254;ERWAN;096E0379V1;;;;
255;Geraldine;0703601BSE;;;;
256;Camille;2D100F24SE;;;;
257;Chrystele;5F2D061ASE;;;;
258;JEAN-LUC;1E6F6D03V2;;;;
259;Anne France;2E076341V1;;;;
260;Christelle;076A1038SE;;;;
261;Benoit;46432814SE;;;;
262;Jerome;251D5F40SE;;;;
263;Lucie;4F274934SE;;;;
264;Anne-Gaelle;2F146C4CV1;;;;
265;Aude;30304564V1;;;;
266;Jean-Christophe;20127042V1;;;;
267;Yannick;041E273FV1;;;;
268;Philippe;12186550V2;;;;
269;Emmanuelle;1404610BV1;;;;
270;SARAH;691A6014SE;;;;
271;Ludovic;1E062437SE;;;;
272;Leslie;0A575D28SE;;;;
273;ANNE;6E070173V2;;;;
274;HUGUETTE;03056264V2;;;;
275;Victorien;191C631BSE;;;;
276;Anne;2758643AV2;;;;
277;Jean-Herve;0273431AV2;;;;
278;Benedicte;2C3A4439V1;;;;
279;Dominique;26394835V1;;;;
280;Joris;4B38432ASE;;;;
281;Sylvain;300D1527V1;;;;
282;AUDREY;0C730311SE;;;;
283;Jean-Marc;6D280668V1;;;;
284;Severine;634B1B12V1;;;;
285;Margaux;0C2D3B0FSE;;;;
286;Stephanie;101D6C1FV1;;;;
287;Francoise;1B0B6810V2;;;;
288;Antonin;2D0C0038SE;;;;
289;Arnaud;24105050V1;;;;
290;Elen;70293149V1;;;;
291;Isabelle;55260313V1;;;;
292;Stephanie;31473D09V1;;;;
293;Mickael;1F182B3CV1;;;;
294;Anne-Francoise;7F3F1577V1;;;;
295;Juliette;3C16117FES;;;;
296;MANON;107F066EJU;;;;
297;STEPHANE;080E0066V1;;;;
298;Charlene;42340D08SE;;;;
299;ADELINE;640C1614SE;;;;
300;DAVID;61047806V1;;;;
301;Herve;2A3B5B26V1;;;;
302;Anne-Sophie;6932057CSE;;;;
303;Laurence;02197948V2;;;;
304;Marcel;0058492DV2;;;;
305;Thomas;16454730SE;;;;
306;Emilie;4D492301SE;;;;
307;Elodie;08474E24SE;;;;
308;Anne;642A2C5FSE;;;;
309;Sophie;4D3C1749V1;;;;
310;Cynthia;20180E25V1;;;;
311;STEPHANIE;7D1F6216SE;;;;
312;Claire;042F2153SE;;;;
313;Fabienne;12180A22V2;;;;
314;Christophe;42380715V1;;;;
315;Ludivine;42320702SE;;;;
316;Emilie;260C564DSE;;;;
317;CECILE;666C181FSE;;;;
318;Michelangelo;04107006SE;;;;
319;Carine;492D0457SE;;;;
320;Laurent;332C180EV1;;;;
321;GAELLE;0E061B60V1;;;;
322;Astrid;433E1B4BSE;;;;
323;Benedicte;063C314ESE;;;;
324;Olivier;0B35365DSE;;;;
325;Vanessa;38214E30SE;;;;
326;Mickael;091F2C2DSE;;;;
327;JULIE;087D0F65SE;;;;
328;Martine;0A0B3332V2;;;;
329;Raphaelle;36181A68SE;;;;
330;Laure-Anne;24542245SE;;;;
331;Caroline;37582909V1;;;;
332;Thomas;0C2C2559SE;;;;
333;Maxime;48220B4ESE;;;;
334;Quentin;4F271318SE;;;;
335;Karine;2D5E260CV1;;;;
336;Karine;45211153SE;;;;
337;Emilie;24482E0DSE;;;;
338;Paul-Henri;75230563SE;;;;
339;CLOE;0D0E7B64SE;;;;
340;Gaelle;210E4949V1;;;;
341;CECILE;78040D7EV1;;;;
342;CELINE;78060D71V1;;;;
343;Sylvain;423E1202V1;;;;
344;Evelyne;130B2531V1;;;;
345;Kristina;582E030FV1;;;;
346;Marine;25045742SE;;;;
347;ALINE;7F136807SE;;;;
348;MAELLE;7D16056ASE;;;;
349;Sylvie;472D1D43V1;;;;
350;Justine;0D003C26SE;;;;
351;Charlotte;45260B09SE;;;;
352;NATHALIE;051C1962V1;;;;
353;Xavier;16434331SE;;;;
354;Marie-Line;4D376E0FSE;;;;
355;Gwenaelle;19186C0AV1;;;;
356;Jane;3C4E683FV1;;;;
357;Madeleine;1A6E0A68CA;;;;
358;SOPHIE;6269110DSE;;;;
359;ZELIE;1F691F60SE;;;;
360;Melanie;32080B2BV1;;;;
361;Charles;3E433607JU;;;;
362;CEDRIC;070D7679SE;;;;
363;Claire;5835094FSE;;;;
364;ADELINE;050A1C1BSE;;;;
365;Agnes;39522148SE;;;;
366;Christophe;38150B70V1;;;;
367;Sandrine;29011668V1;;;;
368;Catherine;30131D76SE;;;;
369;Caroline;22081D79SE;;;;
370;Julien;1E405E3ESE;;;;
371;Karine;244B3300SE;;;;
372;Mickael;35493A08V1;;;;
373;Davy;50743D37SE;;;;
374;DIDIER;66681000V2;;;;
375;Jean-Marc;40481179V1;;;;
376;Sandrine;191D7745SE;;;;
377;Magali;29015D4CSE;;;;
378;Maeva;20562C44ES;;;;
379;Jerome;57422F13SE;;;;
380;Severine;1869451ASE;;;;
381;Gwendal;1422311ECA;;;;
382;Come;6E1A177DCA;;;;
383;Yann;6E1A177DV1;;;;
384;Valerie;36021129V2;;;;
385;Marine;20055F4CSE;;;;
386;Alienor;24241E0CSE;;;;
387;Helene;36075E4ESE;;;;
388;Jean-Francois;77240460V3;;;;
389;Marie-Odile;384B2A62V3;;;;
390;AURELIEN;05161669SE;;;;
391;Caroline;09077F49ES;;;;
392;Virginie;2B3C5C2CSE;;;;
393;Helene;3D3E5A20SE;;;;
394;Carole;09514935SE;;;;
395;Marie Laurence;4C386A12SE;;;;
396;Nicolas;05162829SE;;;;
397;Stephanie;180D7B11V1;;;;
398;GHISLAINE;720B021EV2;;;;
399;Francois;1C077F52SE;;;;
400;Sophie;52592D1DV1;;;;
401;AMELIE;0D107360V1;;;;
402;Caroline;3E180C65V1;;;;
403;NATHALIE;00046B6FV1;;;;
404;Melanie;1831211CSE;;;;
405;Marc;325F6D3FSE;;;;
406;Patrick;344E3C18V2;;;;
407;Armelle;09092728V1;;;;
408;Joelle;0052443CV1;;;;
409;ALAIN;12690F69V2;;;;
410;Cecile;5158370CSE;;;;
411;Virginie;0D1A7255V1;;;;
412;Caroline;020D784BSE;;;;
413;Gwenaelle;18187002V1;;;;
414;Valerie;1435341CV1;;;;
415;Virginie;06774E02V1;;;;
416;GUILLAUME;14741870SE;;;;
417;Ludovic;0F3F2808V2;;;;
418;Sthephane;017E1078V1;;;;
419;ANTHONY;07181014SE;;;;
420;Katell;45270D51V1;;;;
421;Sally;28532340SE;;;;
422;CHARAZETT;761F0410V1;;;;
423;Mustapha;2D593D06SE;;;;
424;Sebastien;060E651AV1;;;;
425;Christophe;0C056C1CV1;;;;
426;Christelle;0B681535V1;;;;
427;LAURENCE;0A7A6506V1;;;;
428;Yaelle;35154C47SE;;;;
429;Sebastien;1A76007BSE;;;;
430;DELPHINE;0E000773SE;;;;
431;SEVERINE;19001D66SE;;;;
432;Sonia;5A3C543DSE;;;;
433;Aurore;230F4D4BSE;;;;
434;Adeline;141F136AV1;;;;
435;Claire;38215531V2;;;;
436;Charles;1E04232FV1;;;;
437;Elodie;27134644SE;;;;
438;HELENE;0D1A6565SE;;;;
439;Morgane;271B1B27SE;;;;
440;MATHILDE;000A027FSE;;;;
441;Magali;045B4535V1;;;;
442;Sarah;2B413B44SE;;;;
443;Sabine;4F4E3F08SE;;;;
444;BENJAMIN;6267071ESE;;;;
445;Hassan;53290F56V2;;;;
446;MAGALI;7F13670EV1;;;;
447;Gwenael;11043935V2;;;;
448;Isabelle;62024F2CV2;;;;
449;Helene;28044E40V1;;;;
450;Joan;235D6B2ASE;;;;
451;Justine;04303C1FSE;;;;
452;VALERIE;13681B00V1;;;;
453;Melanie;4B2A110FSE;;;;
454;Chantal;30021B39V2;;;;
455;Elodie;49473B09SE;;;;
456;Sylvain;01362607SE;;;;
457;Graziella;211D1164SE;;;;
458;Anne Lise;310C6450SE;;;;
459;Geraldine;23483117SE;;;;
460;Domitille;121D7001V1;;;;
461;Anne Sophie;6E3D0567V1;;;;
462;JEANNE;0B00607AJU;;;;
463;Francoise;09047C03V2;;;;
464;Wilfried;6B182C3AV1;;;;
465;Julie;432C5C49SE;;;;
466;Marion;59432103SE;;;;
467;Pierrick;210F026BSE;;;;
468;Regine;4634024BV2;;;;
469;MAELLE;6B070471SE;;;;
470;MARIE;6E0E6405V1;;;;
471;Nelly;4B31403BV2;;;;
472;STEPHANIE;771D151AV1;;;;
473;ISABELLE;650D140DV2;;;;
474;Olivia;5E5F3B1ASE;;;;
475;Laurence;0C0D654BV2;;;;
476;Anne-Marie;4C673E16V2;;;;
477;Mathieu;0B003F36SE;;;;
478;CHRISTELLE;146F0E06V1;;;;
479;Audrey;024B4128SE;;;;
480;Aurore;3D1A504ASE;;;;
481;Karine;0D565A26V2;;;;
482;Sabrina;593A1415V1;;;;
483;CHARLOTTE;070D0C74SE;;;;
484;Delphine;582A1C02SE;;;;
485;Anne;6E333357SE;;;;
486;Carole;555B3C10V2;;;;
487;Carole;5F5B3808SE;;;;
488;Anne-Laure;793F0463SE;;;;
489;HERVE;6216677AV2;;;;
490;Julie;5D345744SE;;;;
491;Lydie;34492752V1;;;;
492;PATRICIA;0472170CV1;;;;
493;GWENAELLE;0566011CV1;;;;
494;Delphine;24041577SE;;;;
495;Madeleine;2917026DSE;;;;
496;Christophe;14087E1DV1;;;;
497;BEATRICE;7F10170ASE;;;;
498;Sandrine;04604806SE;;;;
499;MARIE;0E6C0A64JU;;;;
500;DELPHINE;137B6F09SE;;;;
501;Lionel;295D2407SE;;;;
502;Florence;24562100V2;;;;
503;Lea;2A010926ES;;;;
504;Isabelle;17196B45V2;;;;
505;Jean-marc;00147048V2;;;;
506;Gilles;4C2F0159V1;;;;
507;NICOLAS;6F0F1300CA;;;;
508;SEVERINE;650C1708V1;;;;
509;MELINDA;040D0A0FV1;;;;
510;Carine;111C7A00SE;;;;
511;Delphine;0202674ASE;;;;
512;JEAN-FRANCOIS;051C7D6DSE;;;;
513;GWENAELLE;141D7006V1;;;;
514;Hugues;00564029V1;;;;
515;Franck;2B1D4447V1;;;;
516;Kevin;2B443146SE;;;;
517;Myriam;22105740V1;;;;
518;Olivier;34201A06SE;;;;
519;ALAIN;15690F69V1;;;;
520;Justine;1D022521SE;;;;
521;Helene;0E465723SE;;;;
522;LIONEL;0B657C0CV1;;;;
523;MELISSA;1802191DSE;;;;
524;Gilles;2C1E4E5FV2;;;;
525;Laetitia;2B110B61V1;;;;
526;Nathalie;21091A79V1;;;;
527;LAURA;6C1D660CSE;;;;
528;Romain;3D193154SE;;;;
529;Katherine;3B130262SE;;;;
530;CATHERINE;14630F7FV1;;;;
531;ESTELLE;641E1F0ESE;;;;
532;Emilie;213D422BES;;;;
533;SIGRID;1A0D7E67SE;;;;
534;JEROME;15767A03SE;;;;
535;Amelie;0A51583FES;;;;
536;Louise;08415D28CA;;;;
537;Patrice;0000242CV2;;;;
538;Charlotte;3D0B1A77SE;;;;
539;Olivier;20121935SE;;;;
540;LAURENE;1A1D1B0FSE;;;;
541;Loelia;1B4D472DSE;;;;
542;Anne-Marie;23596136SE;;;;
543;DIDIER;10697C07V4;;;;
544;Karine;0F5F5C23V1;;;;
545;Fabienne;18604701V1;;;;
546;Margaux;1E2E2A11CA;;;;
547;Marie;2A492553SE;;;;
548;Thomas;1548452DV2;;;;
549;Magali;5D4A2212V1;;;;
550;Gwenael;00242514V1;;;;
551;Alexandra;001B6E13SE;;;;
552;Benjamin;1A6B4B0ASE;;;;
553;Flavie;465E321CSE;;;;
554;Christelle;1E0D7715SE;;;;
555;Jacky;264B3344V1;;;;
556;Lea;31181C58CA;;;;
557;Nathalie;1F625818V1;;;;
558;Emmanuelle;422D0808V1;;;;
559;Antoine;41331C0DSE;;;;
560;Gaetane;31204426SE;;;;
561;Pierre;22523B1FSE;;;;
562;Isabelle;38150C74V1;;;;
563;NATHALIE;6A0E171EV1;;;;
564;Mathieu;033F2215SE;;;;
565;SEVERINE;6E1A0C06V1;;;;
566;Laetitia;2B021B7BSE;;;;
567;Regis;5D3A4021V2;;;;
568;Veronique;5B230C02V1;;;;
569;GWENAELLE;020C1B76V1;;;;
570;Marion;2B125049SE;;;;
571;LOIC;057D6A0AV2;;;;
572;Aglae;35412442SE;;;;
573;CORENTIN;0F0C647BCA;;;;
574;GAEL;6878161ASE;;;;
575;Stephanie;13107C19SE;;;;
576;Elsa;723B2D43V1;;;;
577;Gildas;340A4244SE;;;;
578;Morgane;3E111C25V1;;;;
579;Morgane;43310111V1;;;;
580;ALEXANDRE;0C1A6F17SE;;;;
581;Chrystele;120C7007V1;;;;
582;Helene;3059241DCA;;;;
583;Claire;5A5B211ESE;;;;
584;Pauline;1C002C2ASE;;;;
585;MARINE;01036A6CSE;;;;
586;HELOISE;0E0C0E09SE;;;;
587;SOPHIE;6700166EV2;;;;
588;Virginie;3900166ASE;;;;
589;Celine;4C3D1B51SE;;;;
590;Gaela;47325F2ASE;;;;
591;Tifenn;4E2E1C4BV1;;;;
592;Aude;39214564V1;;;;
593;Aurelie;37552919SE;;;;
594;ROZENN;6E0C1A7EV1;;;;
595;Max;01242C05JU;;;;
596;Roland;371B544AV2;;;;
597;Miguel;231F455ESE;;;;
598;Juliette;241B0560CA;;;;
599;Morgane;271B0A2ESE;;;;
600;Sebastien;255B3D18SE;;;;
601;CEDRIC;011C7D79V1;;;;
602;Fanny;345E3557SE;;;;
603;SOLENN;6E071D7DES;;;;
604;Claire;221D5942V1;;;;
605;Nathalie;2B101163V1;;;;
606;Anais;1D323E46SE;;;;
607;Kristell;3B204934V1;;;;
608;Christopher;146C0136SE;;;;
609;Laetitia;1F60591DV1;;;;
610;Veronique;721C6C18V3;;;;
611;Nicolas;230C0E26SE;;;;
612;Sylvie;4F5F361EV1;;;;
613;CARLA;0B6C0264CA;;;;
614;Jean-Francois;026E5B04SE;;;;
615;Sylvain;3B040835SE;;;;
616;Loic;3D2D4369V1;;;;
617;PAULINE;150C001FSE;;;;
618;Sandrine;2C1F1863SE;;;;
619;GWENAELE;0B021D67V1;;;;
620;JULIANE;060B1D00SE;;;;
621;MATHILDE;170C6064SE;;;;
622;Pauline;01132730SE;;;;
623;Pauline;4D2D141BSE;;;;
624;SABRINA;02121C18SE;;;;
625;David;48345F29SE;;;;
626;Yann;496C3E3CV1;;;;
627;Elodie;144A5E2ESE;;;;
628;Mathilde;3C413F0ESE;;;;
629;Guillaume;4B3B031ASE;;;;
630;Laurence;5B391114V1;;;;
631;ANNE-ABEL;68651414V1;;;;
632;AURELIE;6804070FES;;;;
633;OLIVIER;7B0F1203V1;;;;
634;Melanie;1821381BSE;;;;
635;Clement;3B0E1E39SE;;;;
636;Philippe;1D604E15SE;;;;
637;Aurelie;136F7E3ASE;;;;
638;Veronique;48250319V1;;;;
639;Karine;534E3F10V1;;;;
640;Adeline;453E1A16SE;;;;
641;Nathalie;55330B1CV2;;;;
642;PAULINE;020B1C16SE;;;;
643;Yohan;3B3D4137SE;;;;
644;Isabelle;01724805V2;;;;
645;MATHILDE;7E74021DSE;;;;
646;Olivier;17262F0EV2;;;;
647;JENNIFER;190A7E63SE;;;;
648;Melanie;1608262ESE;;;;
649;Arnaud;4134164BSE;;;;
650;Melissa;2423061CSE;;;;
651;Graziella;1E0D780ASE;;;;
652;Elodie;4E592B1ESE;;;;
653;Helene;49582A17ES;;;;
654;Isabelle;0D725019V2;;;;
655;Mylene;1B594128V2;;;;
656;Oana;27436626SE;;;;
657;Frederic;6D47091CV1;;;;
658;Louis;204E2859CA;;;;
659;Nicolas;3D0C073BV2;;;;
660;PRESCILLIA;177E1D0FSE;;;;
661;Sylvie;575D3614SE;;;;
662;DOMINIQUE;770E0A06V1;;;;
663;Aude;5A693E2FV1;;;;
664;MICHEL;7705046CV1;;;;
665;Lenaig;2E0D2547SE;;;;
666;Timothee;4F0A0764CA;;;;
667;Marianne;230F0762V2;;;;
668;CHARLENE;021A7964SE;;;;
669;Juliette;040D6244V1;;;;
670;Loic;7021285ESE;;;;
671;Karine;01585137V1;;;;
672;Yvan;33354E7CV1;;;;
673;Elodie;442C094ASE;;;;
674;Laurence;09724B0ASE;;;;
675;LOEIZA;7F661406SE;;;;
676;Marie;375B3043V1;;;;
677;Gwenael;11023838JU;;;;
678;Yann;28204E7CCA;;;;
679;Marine;280F464FSE;;;;
680;ANNE CLAIRE;0E097164SE;;;;
681;Alberic;370F1D21SE;;;;
682;BEAUTY;75161C64V1;;;;
683;Nathalie;01117466SE;;;;
684;Elise;2448335DSE;;;;
685;Christian;2F1F1A69SE;;;;
686;MICHEL;17066763V2;;;;
687;Eleonore;0F1D7F48SE;;;;
688;Marie-Francoise;403E6E0FV3;;;;
689;Christelle;3E120C77V1;;;;
690;Emeline;331A1628SE;;;;
691;Pascal;2E144048V3;;;;
692;SANDRINE;0A081C64V1;;;;
693;Benedicte;201C107DSE;;;;
694;Chrystele;7E393A42V1;;;;
695;Bruno;58245728V1;;;;
696;Jean-Yves;330C675DV4;;;;
697;Florence;2D3F5F2FV1;;;;
698;MATHIE;7577011DSE;;;;
699;PIERRICK;05101978V2;;;;
700;Herve;22572D44V1;;;;
701;Pascale;5A35101CV2;;;;
702;HELENE;7C0C137DSE;;;;
703;Yann;4075343CV1;;;;
704;HELENE;016E1A1FSE;;;;
705;JEROMINE;1E08007CSE;;;;
706;Aurelie;4B361D1FSE;;;;
707;ERIC;020C0D10V1;;;;
708;Christophe;18006A11SE;;;;
709;AURELIE;09760A0FSE;;;;
710;CLEMENTINE;1E7E0111CA;;;;
711;Charline;0676480FSE;;;;
712;Jean-Francois;1A6E4B02SE;;;;
713;Herve;5E3A5427V1;;;;
714;Thomas;443A095ASE;;;;
715;Jacinthe;272F4B37SE;;;;
716;CLOTILDE;710A121DV1;;;;
717;Tristan;16153E2DSE;;;;
718;Delphine;315C250EV1;;;;
719;Carole;26174E41SE;;;;
720;Patrick;31245234V2;;;;
721;Carine;492D0457SE;;;;
722;Myriam;0A4F4B29V1;;;;
723;Constance;07137E1AES;;;;
724;Servane;332F4A24SE;;;;
725;Victor;270E5059SE;;;;
726;Emilie;45413E15SE;;;;
727;Coraline;330E0D65ES;;;;
728;Jean-Louis;301D6F4BV1;;;;
729;Erwan;43234620SE;;;;
730;G2RALDINE;7B037A00V1;;;;
731;Sylvie;39144F54V1;;;;
732;Adeline;2105013BV2;;;;
733;OLIVIER;0F061A01V2;;;;
734;Cedric;502A1E50V1;;;;
735;Marina;492E194CV1;;;;
736;Marie;31275335SE;;;;
737;Mehdi;402C5F3FSE;;;;
738;Quentin;28101829SE;;;;
739;MARYLISE;0C1F0D7EV1;;;;
740;Jean-Marie;2F596223SE;;;;
741;Lola;37487A24JU;;;;
742;Sylvia;2A412214V2;;;;
743;Veronique;71196B09V2;;;;
744;Angelique;330B1A72SE;;;;
745;Herve;4D364C31V3;;;;
746;Emma;4C682B38JU;;;;
747;Alexandre;0C27394BSE;;;;
748;ERWAN;171E771ASE;;;;
749;Pierre;0F544124SE;;;;
750;FLORENCE;6C031B09V2;;;;
751;.Alexandre;5C5D3907SE;;;;
752;Solen;345A3144V1;;;;
753;Florine;2A2D5F25SE;;;;
754;Marie;57285A2FSE;;;;
755;Jacques;09312C05V2;;;;
756;Marjolaine;0A66132CSE;;;;
757;Mary;2D507F2ESE;;;;
758;VERONIQUE;1E7F1118V2;;;;
759;Florian;29553C0ESE;;;;
760;Gwenael;2B1B1A2CV2;;;;
761;Jean-Luc;6A20076AV2;;;;
762;Erwann;4C220F50V1;;;;
763;Konogan;20463F00ES;;;;
764;Annie;442D5829V2;;;;
765;CHARLOTTE;0C040C61SE;;;;
766;David;2347234BV1;;;;
767;VERONIQUE;161E1008V2;;;;
768;Pauline;523D1503SE;;;;
769;Christophe;2024572AV2;;;;
770;Marion;3D423C01SE;;;;
771;ROZENN;0A0C7F06V1;;;;
772;Catherine;2B1F0C6AV1;;;;
773;Maelys;2332523DSE;;;;
774;Frederic;193F2048V1;;;;
775;Vincent;40231D1BSE;;;;
776;ANNE ELISABETH;06176F7DSE;;;;
777;Murielle;0B69521BV1;;;;
778;Gaelle;26065A50V1;;;;
779;Veronique;3519196AV2;;;;
780;ERIC;14756C01V2;;;;
781;GAELLE;00080F7ASE;;;;
782;Cyprien;3C224333SE;;;;
783;David;2353315CV1;;;;
784;Lucille;572C1513SE;;;;
785;Gaelle;0C283749SE;;;;
786;Romain;19263F44SE;;;;
787;SUZANNE;140D1416SE;;;;
788;GUENHAEL;0C121770V2;;;;
789;Michel;242E5B3BSE;;;;
790;ELEONORE;08130D78SE;;;;
791;Catherine;25031A74V2;;;;
792;Germain;251C1B3ASE;;;;
793;NATHALIE;0C1D1A7FV1;;;;
794;Sebastien;23010C76SE;;;;
795;SABRINA;13041303SE;;;;
796;Nelly;25355D2ASE;;;;
797;Maxime;156D1429SE;;;;
798;ISABELLE;6F0A0F15V2;;;;
799;MANON;7F0A1818CA;;;;
800;Sylvie;37174856V2;;;;
801;Stephanie;097C1C7FSE;;;;
802;Stephanie;0C0D7B11V1;;;;
803;Corinne;1D232348SE;;;;
804;Cecile;3B422E1AV1;;;;
805;Guillaume;413B1A1ASE;;;;
806;Anne-Lise;6C06167FSE;;;;
807;Annette;0300222BV3;;;;
808;MARC;141C6368SE;;;;
809;Lauren;36194B4BSE;;;;
810;Cyril;21492F5CSE;;;;
811;Noemie;65142833SE;;;;
812;Cyril;264B3E40V1;;;;
813;Celine;2F114F4ASE;;;;
814;Bruno;542D483CV1;;;;
815;Emmanuelle;07680328SE;;;;
816;Typhaine;35244631SE;;;;
817;Helena;4B351049SE;;;;
818;BEATRICE;6D031802V1;;;;
819;Fiona;57345823SE;;;;
820;Mailys;5527064CES;;;;
821;Damien;3B184B40V1;;;;
822;Eric;7A292F40V1;;;;
823;Hadrien;2C0F0F25SE;;;;
824;Julie;225B255EV1;;;;
825;Stephane;523A000BV1;;;;
826;Pauline;3404133BSE;;;;
827;Benoit;52462904SE;;;;
828;Esther;3E412B11SE;;;;
829;VIRGINIE;191A687BSE;;;;
830;Julie;503C462ASE;;;;
831;Jeremy;4C34025BSE;;;;
832;Lucile;40330E4AES;;;;
833;Matthieu;5D36161DSE;;;;
834;Cecile;2A174E44V1;;;;
835;SANDRINE;1F040860V1;;;;
836;Helene;20432200SE;;;;
837;Valerie;3B010125SE;;;;
838;JULIE;06691B70SE;;;;
839;Sebastien;2906036DV2;;;;
840;ANITA;7D177409SE;;;;
841;MICKAEL;621B1303V1;;;;
842;Kevin;24492540SE;;;;
843;Melany;57482B18SE;;;;
844;Edina;214A2D44SE;;;;
845;Isabelle;21080669SE;;;;
846;SULIVAN;1F021C08SE;;;;
847;Jean-philippe;0B187744V1;;;;
848;Flavie;080E090BSE;;;;
849;Myriam;35374C30V1;;;;
850;Mathieu;2D140838SE;;;;
851;Ronan;37413C4ASE;;;;
852;Thierry;390B0725V1;;;;
853;Elise;5038443DSE;;;;
854;Lucie;5034472CSE;;;;
855;ARNAUD;7E68030BSE;;;;
856;Emilie;59453B15SE;;;;
857;Annaelle;0B615200V1;;;;
858;Laetitia;3556330FV1;;;;
859;Julie;5222583AV1;;;;
860;Adeline;4E220B19SE;;;;
861;Alice;41254F25SE;;;;
862;SEBASTIEN;0F1A7001V1;;;;
863;Solenn;1F585D37SE;;;;
864;Lionel;4B201F4ASE;;;;
865;Valerie;402D1209SE;;;;
866;CLAIRE MARIE;0C197261V1;;;;
867;Goulven;2C1A082CSE;;;;
868;Amandine;4D3F0415SE;;;;
869;Celine;28483C06SE;;;;
870;Eric;20304360SE;;;;
871;Maud;476F423FSE;;;;
872;GURWAN;7807087DV1;;;;
873;LAURENCE;6C14060DV1;;;;
874;Solene;14524B37ES;;;;
875;Valerie;0B132320V2;;;;
876;Katia;21492A44V1;;;;
877;Jerome;3B432807V1;;;;
878;Stephane;36131F70V1;;;;
879;Aurelie;1F16272FSE;;;;
880;Arnaud;25294A20SE;;;;
881;Jules;5D2C4234CA;;;;
882;Malou;3545264DES;;;;
883;Christelle;39120B76V1;;;;
884;Isabelle;4F26001BV1;;;;
885;Stephanie;1D760E75V1;;;;
886;Sylvain;1219213FV1;;;;
887;Alexandre;19651762SE;;;;
888;Pascal;4E402C1AV2;;;;
889;Floriane;7B451317ES;;;;
890;Elodie;30145A49SE;;;;
891;Jerome;3B1D4742V1;;;;
892;Sandrine;3558351FV1;;;;
893;Marion;424A3808SE;;;;
894;Severine;0D6F5112V1;;;;
895;Camille;2F0D084CSE;;;;
896;Nelly;38352D7CV2;;;;
897;Alexandre;1E7F0666SE;;;;
898;Alexia;5F413E0FSE;;;;
899;CATHERINE;02730077V1;;;;
900;Marion;4850340DCA;;;;
901;Johan;4D264C40SE;;;;
902;Blandine;44260F02SE;;;;
903;Severine;0017674AV1;;;;
904;Benedicte;250C0A76V1;;;;
905;Philippe;4D390311V3;;;;
906;Marie-Laure;41234131V2;;;;
907;Hugo;30354F6DSE;;;;
908;Fanny;3A4A234CSE;;;;
909;Christian;1E14661AV2;;;;
910;Marie-Noelle;4E336809V2;;;;
911;Ingrid;3B0A5C5ESE;;;;
912;VALERIE;1F13190AV2;;;;
913;Thierry;121D3228V2;;;;
914;Ludmilla;4825050FSE;;;;
915;Frederique;0074042CV2;;;;
916;Gwenneg;0A2A361AES;;;;
917;Franck;47423602V1;;;;
918;Jacqueline;06006A18V1;;;;
919;Eleonore;186D1938SE;;;;
920;Yann;64282F4DSE;;;;
921;Nadine;38004755V2;;;;
922;Elodie;01475B39V1;;;;
923;Alexandra;060E7815V1;;;;
924;JeanMichel;080D7436V1;;;;
925;Mael;282B4C68SE;;;;
926;Pierre-Henri;08474813V1;;;;
927;Brice;68111802SE;;;;
928;Amandine;07077849SE;;;;
929;Josee;23593957V1;;;;
930;Marine;1C535731SE;;;;
931;Julie;20492F50SE;;;;
932;Pierre Yves;444A002CV1;;;;
933;Adelaide;4E340A16SE;;;;
934;Yvanna;4C231053SE;;;;
935;Pierre;4C5E360BSE;;;;
936;ANDRE;00691961V3;;;;
937;DENISE;13027B76V2;;;;
938;Dominique;3B4F3A1BV1;;;;
939;Audrey;285A2213SE;;;;
940;Catherine;17107F0EV2;;;;
941;Clemence;060B714ESE;;;;
942;Philippe;1C147051V2;;;;
943;Fabrice;06142D2DV1;;;;
944;SANDRINE;6C610409V1;;;;
945;Anne;3B3A4564V1;;;;
946;AGATHE;0864770DCA;;;;
947;Olivia;124D5522V1;;;;
948;MARINE;1C6B6A01SE;;;;
949;Alice;20492445ES;;;;
950;BENOIT;0F116B61V2;;;;
951;Chloe;224D2149ES;;;;
952;Fanny;3B442348SE;;;;
953;Anne-Laure;07754D14SE;;;;
954;Carole;5F473904V1;;;;
955;Lina;05081175SE;;;;
956;Beatrice;381B1D78V2;;;;
957;Laurine;2D180F3EES;;;;
958;Luciano;250C1325CA;;;;
959;Sandie;32135440SE;;;;
960;CLEMENT;071D0907SE;;;;
961;Typhaine;1B697626SE;;;;
962;Audrey;3F215D25SE;;;;
963;Stephane;1D167952SE;;;;
964;Justine;3C21151BES;;;;
965;Erwan;5B3B4731SE;;;;
966;Sebastien;2B5C2D14SE;;;;
967;Catherine;39552904SE;;;;
968;Marie Astrid;3F542756V1;;;;
969;Orianne;245C2E0BV1;;;;
970;Sandrine;25021C6FV1;;;;
971;TOM;1D0A1F05SE;;;;
972;CHRISTINE;611C1D1BV1;;;;
973;AMANDINE;08157965SE;;;;
974;Cindy;4039592DSE;;;;
975;Maxime;0847562ACA;;;;
976;NICOLAS;040A180AV1;;;;
977;Sylvain;1C18213ASE;;;;
978;Anne-Cecile;0A695704SE;;;;
979;GAELLE;616E1613V1;;;;
980;Karine;564B3813V1;;;;
981;Laurie;51503813SE;;;;
982;NELLY;006C1760V1;;;;
983;Franck;2548320ESE;;;;
984;Mathilde;031A7F48SE;;;;
985;Fanny;204E3F44SE;;;;
986;Olivia;03011321V1;;;;
987;Jerome;513B174AV1;;;;
988;Nelly;334A2157V2;;;;
989;Pierre-Yves;00495902V2;;;;
990;SOPHIE;06747703V1;;;;
991;Yoonah;0B4B5121V1;;;;
992;Laurent;0702253EV2;;;;
993;Pauline;07133B2ESE;;;;
994;Julie;27593354SE;;;;
995;ALEXANDRA;06007F0DSE;;;;
996;Latifa;0C4C5131SE;;;;
997;Valerian;000A674DSE;;;;
998;Peggy;3D472940V1;;;;
999;Sebastien;00751065V1;;;;
1000;N. Ndeinodji;0F647D69SE;;;;
1001;ALEXANDRA;7A090307V1;;;;
1002;Raphael;4A3A051ASE;;;;
1003;Stephanie;02031A04V1;;;;
1004;Camille;1329370DSE;;;;
1005;Emmanuel;13685813SE;;;;
1006;Oriane;4121174CSE;;;;
1007;VERONIQUE;187F0766V1;;;;
1008;Phuc;1A2F385ESE;;;;
1009;Magali;58463E1BV2;;;;
1010;Cedric;522A0641SE;;;;
1011;Solenn;1D5F5E20V1;;;;
1012;Laetitia;1F1E7352SE;;;;
1013;Mickael;061D2831SE;;;;
1014;Aurelie;2F251E00SE;;;;
1015;Marine;49230457SE;;;;
1016;JEAN;0974730BSE;;;;
1017;Alexandra;260B1A7CV1;;;;
1018;CLAIRE;17007F70SE;;;;
1019;Jerome;21094C56V1;;;;
1020;Caroline;7A0D6611SE;;;;
1021;PHILIPPE;751C1102V2;;;;
1022;TANGUY;7E041170JU;;;;
1023;Emeline;351D1520SE;;;;
1024;ISABELLE;0C756819V2;;;;
1025;Elise;532C482CSE;;;;
1026;Baptiste;181A7840SE;;;;
1027;Jean-Michel;22166441V2;;;;
1028;DIEGO;6A167B16SE;;;;
1029;Marion;5526074ESE;;;;
1030;Emmanuelle;371C1261SE;;;;
1031;STEPHANIE;18740304V1;;;;
1032;Marie Helene;7C056A1AV1;;;;
1033;Isabelle;0118754CSE;;;;
1034;Jean Michel;0B6C5004V1;;;;
1035;Adrien;15424A26SE;;;;
1036;Helene;23044E44SE;;;;
1037;Nolwenn;52231701SE;;;;
1038;Marie;0D392159SE;;;;
1039;Lydie;4D385D3BV1;;;;
1040;Thibaut;0C113222SE;;;;
1041;ELODIE;11137F11SE;;;;
1042;Anne;34335E79SE;;;;
1043;Nicolas;0A053333V1;;;;
1044;Karine;1B465A28V1;;;;
1045;Marie Helene;4C285739V1;;;;
1046;Amandine;1A0F6247SE;;;;
1047;Ophelie;30361004SE;;;;
1048;Jessica;17193A3FSE;;;;
1049;CELINE;7C1A056BV1;;;;
1050;Carolina;1C072532SE;;;;
1051;AURELIE;12180D08SE;;;;
1052;CATHERINE;7B020810V1;;;;
1053;CHRISTOPHE;0916770EV1;;;;
1054;SOPHIE;1F7E7609V1;;;;
1055;Farielle;38355A35SE;;;;
1056;Valerie;3D1F1A25V1;;;;
1057;LUCIE;01736C0CV1;;;;
1058;Cynthia;05342910SE;;;;
1059;Nathalie;03685812V1;;;;
1060;David;51375E20V1;;;;
1061;Jean-Claude;331C7D40V3;;;;
1062;Olivier;1C0A2124V1;;;;
1063;Sophie;2F1A5F4AV1;;;;
1064;Camille;56241115SE;;;;
1065;France;08554C32V2;;;;
1066;Julien;04584B38SE;;;;
1067;Alexis;494D3F1FSE;;;;
1068;Anne-Lise;7D2E0665SE;;;;
1069;Anne-soizic;3E487F07V1;;;;
1070;Stephane;235D280FV1;;;;
1071;SEBASTIEN;0E1A7007SE;;;;
1072;Julien;4D5C3E06SE;;;;
1073;Justine;12342717ES;;;;
1074;Pascal;43310D56V1;;;;
1075;Regis;5039553ESE;;;;
1076;Caroline;56371115SE;;;;
1077;Servane;0E1A3023SE;;;;
1078;Marion;3B085D5ASE;;;;
1079;Caroline;171B6942V1;;;;
1080;FLORENCE;1D0B746EV1;;;;
1081;Lily;26225969CA;;;;
1082;Lydie;43294322SE;;;;
1083;Delphine;29001564SE;;;;
1084;FABIENNE;0965631EV1;;;;
1085;Marie-Chrystelle;4B284A20V1;;;;
1086;GREGORY;1B011E03V1;;;;
1087;BENEDICTE;0E007F02V2;;;;
1088;Cindy;53394327SE;;;;
1089;Antoine;3A31061DSE;;;;
1090;Sebastien;74077B18V1;;;;
1091;Severine;1304724DSE;;;;
1092;Linda;20442D4CSE;;;;
1093;ANTOINE;15030A06JU;;;;
1094;Christelle;096C0836V1;;;;
1095;Marc;7B32314CV1;;;;
1096;Laurence;3A225927V1;;;;
1097;ELISE;0464126CSE;;;;
1098;Nathalie;2B00167EV2;;;;
1099;Arielle;3E214B2DSE;;;;
1100;Sophie;2338463ASE;;;;
1101;Loraine;3C0B0C36SE;;;;
1102;Rachel;2E075D4AV2;;;;
1103;Aline;17160361SE;;;;
1104;MARIE;71196A08SE;;;;
1105;Helene;2224483ASE;;;;
1106;Sebastien;381B0B67SE;;;;
1107;ALEXANDRE;13027811V1;;;;
1108;Sandrine;38020075V1;;;;
1109;Yoann;2E403155V1;;;;
1110;Mary;21427938V1;;;;
1111;Celine;340A4F4DV1;;;;
1112;Marie;3942394ACA;;;;
1113;Vincent;2201012AV1;;;;
1114;CHLOE;76137913SE;;;;
1115;Carole;3E19564FSE;;;;
1116;Veronique;13026F0DV1;;;;
1117;Isabelle;2E150C75V2;;;;
1118;Isabelle;4122181AV2;;;;
1119;AURELIE;1F1D150ESE;;;;
1120;Isabelle;1C07725AV2;;;;
1121;Tiphaine;370A0779SE;;;;
1122;MICKAEL;1C010502SE;;;;
1123;Claire;2E13454BSE;;;;
1124;Emilie;351F5F58SE;;;;
1125;Vincent;0F342C06SE;;;;
1126;MAUD;7D110C04SE;;;;
1127;Felicie;4C390809SE;;;;
1128;NATHALIE;0078060EV1;;;;
1129;Yvan;355E7524V1;;;;
1130;Helene;513D0056SE;;;;
1131;Gwen;1D7F1E42V1;;;;
1132;GWENDAL;13110819V1;;;;
1133;Claudine;1D197550V2;;;;
1134;Alexane;2312062FSE;;;;
1135;Nicolas;360F013CSE;;;;
1136;Anne-Lyse;360E7F4BSE;;;;
1137;Celine;321A4E5FSE;;;;
1138;Bertrand;4C220818V1;;;;
1139;CLAUDIE;6D150900V1;;;;
1140;ANTOINE;0714081BSE;;;;
1141;Aline;3D4E2449V1;;;;
1142;Emilie;4C2C084CSE;;;;
1143;Audrey;4E201A50SE;;;;
1144;Yohan;32423F4DSE;;;;
1145;Laure;553E4A26SE;;;;
1146;Faustine;1C775B16SE;;;;
1147;Eric;352C4360V1;;;;
1148;Roseline;1B096E55V1;;;;
1149;MELANIE;0F050401V1;;;;
1150;Nolwenn;3A081133SE;;;;
1151;Hannah;3C00545DSE;;;;
1152;Anne;632B3A48SE;;;;
1153;Oriane;26005D5CSE;;;;
1154;Elias;2C413649ES;;;;
1155;PAUL;66031365V2;;;;
1156;LISA;086C6412SE;;;;
1157;CEDRIC;1A606C0EV1;;;;
1158;Cecile;55230C4CV1;;;;
1159;Marie Line;55244D34V1;;;;
1160;Emmanuelle;462A1F07SE;;;;
1161;Louise;4E3E0D5FSE;;;;
1162;Bruno;2A5E3D4AV2;;;;
1163;Christine;37150166V2;;;;
1164;Julien;2812535ASE;;;;
1165;Morgane;2B080D23SE;;;;
1166;Nicolas;25010A2BV1;;;;
1167;Claire;4E380E45SE;;;;
1168;Nicolas;042F2404SE;;;;
1169;Anthony;2048290CV1;;;;
1170;Emilie;3D4C2B04SE;;;;
1171;Guillaume;0B641B6BSE;;;;
1172;LAETITIA;1B70751DSE;;;;
1173;Virginie;0C674F0FSE;;;;
1174;Agnes;2152214ESE;;;;
1175;Estelle;323E000ESE;;;;
1176;Emmanuel;38030F65SE;;;;
1177;Jerome;341B5055SE;;;;
1178;Rachel;5533034BSE;;;;
1179;Yann;612F3C45V3;;;;
1180;Nathalie;0D10694BV1;;;;
1181;CELINE;68170266V1;;;;
1182;KATEL;076C116ASE;;;;
1183;Carine;36023858SE;;;;
1184;Valerie;323F0E13V1;;;;
1185;Elisabeth;10116819V1;;;;
1186;Loic;6E382254V2;;;;
1187;Estelle;0C143634V1;;;;
1188;NICOLAS;181F0517SE;;;;
1189;Bruno;3B573048SE;;;;
1190;Anne-Lise;1B794B4ESE;;;;
1191;MICHELE;1A021803V2;;;;
1192;VANESSA;090E021BV1;;;;
1193;DELPHINE;1B1F7661V1;;;;
1194;Frederique;27592509V1;;;;
1195;ANITA;0C74006BV1;;;;
1196;EVAN;19656005CA;;;;
1197;Olivier;1B3C3303V1;;;;
1198;Salima;49543602V2;;;;
1199;PIERRICK;03000177V1;;;;
1200;MELINA;10056177SE;;;;
1201;Michel;3B044E56V4;;;;
1202;CELINE;1A0E727FV1;;;;
1203;Julie;473D4825SE;;;;
1204;Jerome;3A264827V2;;;;
1205;DOMINIQUE ANNE;690C171BV3;;;;
1206;Vanessa;22110E21SE;;;;
1207;JOLENE;65040A69SE;;;;
1208;Helena;29593213V1;;;;
1209;Laetitia;4338090EV1;;;;
1210;Astrid;52281751SE;;;;
1211;Luc;0F71231BV2;;;;
1212;Karine;13544E32V1;;;;
1213;Berengere;76052A24SE;;;;
1214;Virginie;481A0D7BV1;;;;
1215;Helene;4958301CSE;;;;
1216;Gaelle;3D144D4BV1;;;;
1217;Bertrand;16655403V2;;;;
1218;Lucie;4D2A5E27SE;;;;
1219;Maxime;4920045DSE;;;;
1220;Soizic;442A1C58V1;;;;
1221;Thierry;5B360A04V1;;;;
1222;Mathilde;3A170161SE;;;;
1223;Aurelie;0E393D04SE;;;;
1224;Beatrice;4707147EV1;;;;
1225;Mickael;2D0C1028SE;;;;
1226;Nathalie;1A6C4D1BV1;;;;
1227;STEPHANIE;0C78197FV1;;;;
1228;Axelle;532D0648SE;;;;
1229;SIGRID;0B786202V1;;;;
1230;Assia;5D2F5B22SE;;;;
1231;SALAMA;7F160269SE;;;;
1232;Charlotte;1B1A6B19SE;;;;
1233;Maryline;14137157V2;;;;
1234;Samuel;11474B24V1;;;;
1235;FLORENCE;19061063SE;;;;
1236;Emilie;5E371350SE;;;;
1237;NATHALIE;15091C7ESE;;;;
1238;Celine;482D1C5EV1;;;;
1239;Karine;48251840V1;;;;
1240;Virginie;463F1B0CSE;;;;
1241;Laure;5235462FSE;;;;
1242;Marie Laure;23690B7AV1;;;;
1243;Loraine;1E0E2C23ES;;;;
1244;MATHILDE;1A790F09SE;;;;
1245;PAUL ARTHUR;1B7D7B04CA;;;;
1246;Estelle;333F180ASE;;;;
1247;Mael;0D047B60JU;;;;
1248;Karen;364C224FV1;;;;
1249;Kumar;225C3C50V1;;;;
1250;Mickael;16043C3DSE;;;;
1251;VERONIQUE;027F0F6CV1;;;;
1252;MORGAN;1C7D620CSE;;;;
1253;CLAIRE;797F0216SE;;;;
1254;Jacqueline;293C5931V3;;;;
1255;Jean-pierre;2D3E4669V3;;;;
1256;Nadege;02434232V1;;;;
1257;Sami;3B44632FSE;;;;
1258;Alexandre;1E651762SE;;;;
1259;AGATHE;71681312V1;;;;
1260;Marie-edith;32461061SE;;;;
1261;Karine;5E2B184BSE;;;;
1262;Audrey;330A5A53SE;;;;
1263;Virginie;1D077B48SE;;;;
1264;Aurelia;0F303F02SE;;;;
1265;ERIC;1E066360V1;;;;
1266;FLORENCE;1D177664V1;;;;
1267;Claire;444E240DSE;;;;
1268;Lena;26427433CA;;;;
1269;Isabelle;1C664705V1;;;;
1270;Nathalie;55381A15V1;;;;
1271;Annie;4F20503DV2;;;;
1272;Emmanuelle;091F750ESE;;;;
1273;FRANCK;08736209V1;;;;
1274;Matthieu;19067949SE;;;;
1275;Sylvie;0D5E5A36V2;;;;
1276;Fabienne;7843010CV1;;;;
1277;Marie Christine;5C354827V2;;;;
1278;Bernard;5F2A0710V3;;;;
1279;Leila;5D24503BSE;;;;
1280;Franck;35184F55SE;;;;
1281;Marion;144B583AV1;;;;
1282;Claire;1242582BSE;;;;
1283;Michel;35025748V4;;;;
1284;Anne Sophie;107D4C0ESE;;;;
1285;MARIE;7C156110SE;;;;
1286;Thibaut;0000161CSE;;;;
1287;Anita;5E265322V1;;;;
1288;Anne-Gael;3C146F4DV1;;;;
1289;Armelle;0F141506V1;;;;
1290;Enora;5E205526SE;;;;
1291;Eve-Marie;020C2B20SE;;;;
1292;Myriam;014C5229SE;;;;
1293;Violaine;151A665FV1;;;;
1294;CARINE;7C130A69V1;;;;
1295;Georges;043E260CV2;;;;
1296;Isabelle;156E5B0EV1;;;;
1297;Didier;5B54320EV2;;;;
1298;RAPHAELE;0B7F0115SE;;;;
1299;Sophie;1B56523BSE;;;;
1300;Celine;58523002V1;;;;
1301;LAURENCE;6E070811V2;;;;
1302;Stephanie;080A6C0EV1;;;;
1303;Erwan;3E4A3254V1;;;;
1304;Sylvie;2F015858V1;;;;
1305;David;33492044V1;;;;
1306;Angelique;3C071D72SE;;;;
1307;Aurelie;523E171DSE;;;;
1308;Mireille;442F0500V1;;;;
1309;SANDRINE;1B1C0A0FV1;;;;
1310;Cathy;27532B4CSE;;;;
1311;Muriel;262F5338V1;;;;
1312;NELLY;1D6B1F7CV1;;;;
1313;Jeanne;3C17455BSE;;;;
1314;Mathilde;3C1A116CES;;;;
1315;Laura;55294F2ESE;;;;
1316;FLORIANE;0F1A1C63SE;;;;
1317;Isabelle;2C081073V2;;;;
1318;SOLENN;1D167465SE;;;;
1319;YANNICK;1015181FV2;;;;
1320;YOHANN;17167061CA;;;;
1321;Berengere;3D021675SE;;;;
1322;Aurelie;342C081ASE;;;;
1323;Aurelie;342C081ASE;;;;
1324;ANNE;620A0B6ESE;;;;
1325;Bunnarith;1E611A79SE;;;;
1326;Fabienne;795C1F1AV2;;;;
1327;Jean-yves;7E4E7C0EV2;;;;
1328;CHRISTIAN;1469177DV2;;;;
1329;Frederic;5C360507V1;;;;
1330;Arnaud;054F5B39V1;;;;
1331;Emilie;1B485621SE;;;;
1332;Valerie;1B0D2C3EV1;;;;
1333;Cecile;1F495322V1;;;;
1334;Veronique;27081F74V1;;;;
1335;Catherine;35001C64V2;;;;
1336;AUDREY;17027A68V1;;;;
1337;Valerie;36331C04SE;;;;
1338;Benoit;4F2B114BSE;;;;
1339;Jean-marc;621E0B75V2;;;;
1340;KARINE;00127C76V2;;;;
1341;Marion;27195C56SE;;;;
1342;Ambika;350C475BV1;;;;
1343;Auberi;1F4C4132SE;;;;
1344;Herve;53334138V2;;;;
1345;Lena;20374169V1;;;;
1346;Pascal;4E502610V1;;;;
1347;Sebastien;13611C7BV1;;;;
1348;Sandra;0456502DSE;;;;
1349;Perrine;21070639V1;;;;
1350;JEAN-PAUL;70151475V3;;;;
1351;Albane;52340147V1;;;;
1352;ANNIE;721F670DSE;;;;
1353;Aurelie;3A071F2CSE;;;;
1354;David;375F284CV1;;;;
1355;CHRISTELLE;05100F6ASE;;;;
1356;Marie-agnes;2B5F1861V2;;;;
1357;Marinette;10680374SE;;;;
1358;Mathieu;0E223B0FSE;;;;
1359;Gisele;13575A37V2;;;;
1360;Mathilde;12116452SE;;;;
1361;Christophe;051C700CV1;;;;
1362;Maud;35476A20SE;;;;
1363;Veronique;2F161E7FV1;;;;
1364;Roxane;532E0559SE;;;;
1365;Karine;525B2203V1;;;;
1366;Sylvie;19434823V2;;;;
1367;Virginie;10745517SE;;;;
1368;ANNE CHARLOTTE;7E72140ESE;;;;
1369;Amir;49622625SE;;;;
;;;;;;
